<?xml version="1.0" encoding="UTF-8"?>
<!DOCTYPE buildprofiles SYSTEM "https://resources.jetbrains.com/writerside/1.0/build-profiles.dtd">
<buildprofiles xmlns:xsi="http://www.w3.org/2001/XMLSchema-instance"
               xsi:noNamespaceSchemaLocation="https://resources.jetbrains.com/writerside/1.0/build-profiles.xsd">

    <variables></variables>
    <build-profile instance="r">
        <variables>
            <noindex-content>true</noindex-content>
        </variables>
    </build-profile>

</buildprofiles>
